row_type,task,operation_id,obligation_id,target,target_is_gold,gold_is_formula,retrieval_complete,retrieval_complete_ids_legacy,gold_program_recoverable_elsewhere,recoverable_example_cells,proposal_produced,exact_formula,fingerprint_correct,program_group_member_count,translated_writes,exact_translated_writes,proposal_formula,gold_formula_or_value,input_formula_or_value,provider_failure,model_content_returned,required_reference_cells,retrieved_reference_cells,missing_reference_cells,synthesis_call_index,disposition,manual_semantic_note,population,denominator,exact_numerator,exact_accuracy,fingerprint_numerator
DECISION,Financial_Model:01_01,O2::op1,O2,Revenue Drivers!D137,True,True,False,False,False,[],False,False,False,0,0,0,,='Consolidated P&L'!C6,,PROVIDER_TIMEOUT,False,1,0,"[""Consolidated P&L!C6""]",17,ABSTAIN,Not manually adjudicated beyond exact/fingerprint checks,,,,,
DECISION,Financial_Model:01_01,O3::op1,O3,Revenue Drivers!I138,True,True,False,False,False,[],False,False,False,5,0,0,,='Key Assumptions'!D9,,,True,1,0,"[""Key Assumptions!D9""]",19,ABSTAIN,Not manually adjudicated beyond exact/fingerprint checks,,,,,
DECISION,Financial_Model:01_01,O4::op1,O4,Revenue Drivers!I137,True,True,True,True,False,[],False,False,False,5,0,0,,=I138*I135,,PROVIDER_TIMEOUT,False,2,2,[],28,ABSTAIN,Not manually adjudicated beyond exact/fingerprint checks,,,,,
DECISION,Financial_Model:01_01,O6::op1,O6,Working Capital Schedule!H22,True,True,True,True,True,"[""Working Capital Schedule!D22"", ""Working Capital Schedule!E22"", ""Working Capital Schedule!F22"", ""Working Capital Schedule!G22""]",True,True,True,5,4,4,=G21-H21,=G21-H21,,,True,2,2,[],30,WRITES_SCHEDULED,Not manually adjudicated beyond exact/fingerprint checks,,,,,
DECISION,Financial_Model:01_01,O2::op1,O2,Revenue Drivers!E137,True,True,False,False,False,[],True,False,False,0,0,0,='Consolidated P&L'!E6,='Consolidated P&L'!D6,,,True,1,0,"[""Consolidated P&L!D6""]",39,WRITES_SCHEDULED,Not manually adjudicated beyond exact/fingerprint checks,,,,,
DECISION,Financial_Model:01_01,O2::op1,O2,Revenue Drivers!F137,True,True,False,False,False,[],False,False,False,0,0,0,,='Consolidated P&L'!E6,,PROVIDER_TIMEOUT,False,1,0,"[""Consolidated P&L!E6""]",48,ABSTAIN,Not manually adjudicated beyond exact/fingerprint checks,,,,,
DECISION,Financial_Model:01_01,O6::op1,O6,Working Capital Schedule!M22,True,True,True,True,True,"[""Working Capital Schedule!D22"", ""Working Capital Schedule!E22"", ""Working Capital Schedule!F22"", ""Working Capital Schedule!G22""]",True,True,True,0,0,0,=L21-M21,=L21-M21,,,True,2,2,[],57,WRITES_SCHEDULED,Not manually adjudicated beyond exact/fingerprint checks,,,,,
DECISION,Financial_Model:01_01,O2::op1,O2,Revenue Drivers!G137,True,True,False,False,False,[],False,False,False,0,0,0,,='Consolidated P&L'!F6,,PROVIDER_TIMEOUT,False,1,0,"[""Consolidated P&L!F6""]",66,ABSTAIN,Not manually adjudicated beyond exact/fingerprint checks,,,,,
DECISION,Financial_Model:01_01,O7::op1,O7,Fixed Assets Schedule!H7,True,True,True,True,False,[],True,False,False,5,0,0,=-(H5+H6)*$C$10,=-$C$10*(H5+H6),,,True,3,3,[],75,REJECTED_HARD,Algebraically equivalent at canonical cell: multiplication operand order differs; strict exact and relative fingerprint mismatch.,,,,,
DECISION,Financial_Model:01_01,O8::op1,O8,Consolidated BS!C50,True,True,True,True,False,[],True,False,False,10,9,0,=C48-C22,=C22-C48,,,True,2,2,[],84,WRITES_SCHEDULED,Genuine semantic error: reversed subtraction versus gold.,,,,,
DECISION,Financial_Model:01_01,O2::op1,O2,Revenue Drivers!H137,True,True,False,False,False,[],False,False,False,0,0,0,,='Consolidated P&L'!G6,,PROVIDER_TIMEOUT,False,1,0,"[""Consolidated P&L!G6""]",93,ABSTAIN,Not manually adjudicated beyond exact/fingerprint checks,,,,,
DECISION,Financial_Model:03_01,O2::op1,O2,Balance Sheet!C42,True,True,True,True,True,"[""Price Chart!AC6"", ""Price Chart!AL6""]",True,True,True,6,5,5,=C40/C41,=C40/C41,,,True,2,2,[],9,WRITES_SCHEDULED,Not manually adjudicated beyond exact/fingerprint checks,,,,,
DECISION,Financial_Model:03_01,O3::op1,O3,Balance Sheet!C33,True,True,True,True,True,"[""Balance Sheet!I33"", ""Balance Sheet!J33"", ""Balance Sheet!K33"", ""Balance Sheet!L33"", ""Balance Sheet!M33""]",True,True,True,6,5,5,='Income Statement'!C31/'Balance Sheet'!C32,='Income Statement'!C31/'Balance Sheet'!C32,,,True,2,2,[],18,WRITES_SCHEDULED,Not manually adjudicated beyond exact/fingerprint checks,,,,,
DECISION,Financial_Model:03_01,O4::op1,O4,Income Statement!C63,False,False,,,,[],False,False,False,5,0,0,,,,PROVIDER_TIMEOUT,False,0,0,[],21,ABSTAIN,Gold literal or blank: exact-formula construction and retrieval-completeness undefined. Literal targets remain in requested gold-target operational denominator; separately report formula-only population.,,,,,
DECISION,Financial_Model:03_01,O4::op1,O4,Income Statement!N63,False,False,,,,[],False,False,False,0,0,0,,,,PROVIDER_TIMEOUT,False,0,0,[],30,ABSTAIN,Gold literal or blank: exact-formula construction and retrieval-completeness undefined. Literal targets remain in requested gold-target operational denominator; separately report formula-only population.,,,,,
DECISION,Financial_Model:03_01,O4::op1,O4,Income Statement!O63,False,False,,,,[],False,False,False,0,0,0,,,,PROVIDER_TIMEOUT,False,0,0,[],37,ABSTAIN,Gold literal or blank: exact-formula construction and retrieval-completeness undefined. Literal targets remain in requested gold-target operational denominator; separately report formula-only population.,,,,,
DECISION,Financial_Model:03_01,O6::op1,O6,Valuation!D8,True,True,True,True,True,"[""Valuation!C8"", ""Valuation!C43""]",False,False,False,5,0,0,,=+D7*D6,,PROVIDER_TIMEOUT,False,2,2,[],39,ABSTAIN,Not manually adjudicated beyond exact/fingerprint checks,,,,,
DECISION,Financial_Model:03_01,O2::op2,O2,Balance Sheet!I42,True,True,True,True,True,"[""Assumptions-BS!I88"", ""Assumptions-BS!J88"", ""Assumptions-BS!K88"", ""Assumptions-BS!L88"", ""Assumptions-BS!M88""]",True,False,False,5,4,0,=$H$42,=+H42,,,True,1,1,[],47,WRITES_SCHEDULED,Same canonical reference value H42; absolute reference differs from gold relative reference. Obligation explicitly holds FY13 constant. Group translation semantics must be assessed separately.,,,,,
DECISION,Financial_Model:03_01,O4::op1,O4,Income Statement!P63,False,False,,,,[],False,False,False,0,0,0,,,,PROVIDER_TIMEOUT,False,0,0,[],51,ABSTAIN,Gold literal or blank: exact-formula construction and retrieval-completeness undefined. Literal targets remain in requested gold-target operational denominator; separately report formula-only population.,,,,,
DECISION,Financial_Model:03_01,O5::op2,O5,CF!N33,False,False,,,,[],False,False,False,0,0,0,,,,PROVIDER_TIMEOUT,False,0,0,[],57,ABSTAIN,Gold literal or blank: exact-formula construction and retrieval-completeness undefined. Literal targets remain in requested gold-target operational denominator; separately report formula-only population.,,,,,
DECISION,Financial_Model:03_01,O5::op2,O5,CF!O33,False,False,,,,[],False,False,False,0,0,0,,,,PROVIDER_TIMEOUT,False,0,0,[],64,ABSTAIN,Gold literal or blank: exact-formula construction and retrieval-completeness undefined. Literal targets remain in requested gold-target operational denominator; separately report formula-only population.,,,,,
DECISION,Financial_Model:03_01,O5::op2,O5,CF!P33,False,False,,,,[],False,False,False,0,0,0,,,,PROVIDER_TIMEOUT,False,0,0,[],68,ABSTAIN,Gold literal or blank: exact-formula construction and retrieval-completeness undefined. Literal targets remain in requested gold-target operational denominator; separately report formula-only population.,,,,,
DECISION,Financial_Model:04_01,O1::op1,O1,Financials!D6,False,False,,,,[],False,False,False,0,0,0,,%,%,PROVIDER_TIMEOUT,False,0,0,[],12,ABSTAIN,Gold literal or blank: exact-formula construction and retrieval-completeness undefined. Literal targets remain in requested gold-target operational denominator; separately report formula-only population.,,,,,
DECISION,Financial_Model:04_01,O4::op1,O4,Assumptions!K141,True,True,True,True,True,"[""Assumptions!K138"", ""Assumptions!L138"", ""Assumptions!M138"", ""Assumptions!N138"", ""Assumptions!O138""]",False,False,False,5,0,0,,=AVERAGE(I141:J141)-1,,PROVIDER_TIMEOUT,False,2,2,[],14,ABSTAIN,Not manually adjudicated beyond exact/fingerprint checks,,,,,
DECISION,Financial_Model:04_01,O6::op1,O6,Ratio_Analysis !E12,False,False,,,,[],False,False,False,0,0,0,,,,SESSION_RESOURCE_LIMIT,False,0,0,[],23,ABSTAIN,Gold literal or blank: exact-formula construction and retrieval-completeness undefined. Literal targets remain in requested gold-target operational denominator; separately report formula-only population.,,,,,
DECISION,Financial_Model:05_01,O3::op1,O3,Dashboard!H9,True,False,,,,[],True,False,False,0,0,0,=0.12,0.12,,,True,0,0,[],14,WRITES_SCHEDULED,Gold literal or blank: exact-formula construction and retrieval-completeness undefined. Literal targets remain in requested gold-target operational denominator; separately report formula-only population.,,,,,
DECISION,Financial_Model:05_01,O4::op1,O4,Dashboard!H11,True,False,,,,[],True,False,False,0,0,0,=0.16,0.16,,,True,0,0,[],23,WRITES_SCHEDULED,Gold literal or blank: exact-formula construction and retrieval-completeness undefined. Literal targets remain in requested gold-target operational denominator; separately report formula-only population.,,,,,
DECISION,Financial_Model:05_01,O5::op1,O5,Dashboard!H12,True,False,,,,[],True,False,False,0,0,0,=0.2,0.2,,,True,0,0,[],31,WRITES_SCHEDULED,Gold literal or blank: exact-formula construction and retrieval-completeness undefined. Literal targets remain in requested gold-target operational denominator; separately report formula-only population.,,,,,
DECISION,Financial_Model:05_01,O7::op1,O7,Workings Cost Sheet!O27,False,False,,,,[],False,False,False,99,0,0,,,,PROVIDER_TIMEOUT,False,0,0,[],36,ABSTAIN,Gold literal or blank: exact-formula construction and retrieval-completeness undefined. Literal targets remain in requested gold-target operational denominator; separately report formula-only population.,,,,,
DECISION,Financial_Model:06_01,O3::op1,O3,DCF!C49,True,True,True,True,False,[],True,True,True,0,0,0,=C47*(1-C48),=C47*(1-C48),,,True,2,2,[],17,WRITES_SCHEDULED,Not manually adjudicated beyond exact/fingerprint checks,,,,,
DECISION,Financial_Model:06_01,O5::op1,O5,Balance Sheet!J31,True,True,True,True,False,[],False,False,False,2,0,0,,=J27+J24+J19,,PROVIDER_TIMEOUT,False,3,3,[],22,ABSTAIN,Not manually adjudicated beyond exact/fingerprint checks,,,,,
DECISION,Financial_Model:06_01,O5::op1,O5,Balance Sheet!M31,True,True,True,True,False,[],True,False,False,0,0,0,=M19+M24+M27,=M27+M24+M19,,,True,3,3,[],31,WRITES_SCHEDULED,"Same three numeric addends, reordered. Strict exact/fingerprint mismatch; ordinary scalar arithmetic equivalence (floating rounding may differ).",,,,,
DECISION,Financial_Model:06_01,O5::op1,O5,Balance Sheet!N31,True,True,True,True,False,[],False,False,False,0,0,0,,=N27+N24+N19,,PROVIDER_TIMEOUT,False,3,3,[],40,ABSTAIN,Not manually adjudicated beyond exact/fingerprint checks,,,,,
DECISION,Financial_Model:07_01,O1::op1,O1,Sales Schedule!F16,False,False,,,,[],False,False,False,0,0,0,,Scenario 1,Scenario 1,,True,0,0,[],17,ABSTAIN,Gold literal or blank: exact-formula construction and retrieval-completeness undefined. Literal targets remain in requested gold-target operational denominator; separately report formula-only population.,,,,,
DECISION,Financial_Model:07_01,O3::op1,O3,Cashflow (Monthly)!J19,False,True,True,True,True,"[""Cashflow (Monthly)!D19"", ""Cashflow (Monthly)!K19"", ""Cashflow (Monthly)!L19"", ""Cashflow (Monthly)!M19"", ""Cashflow (Monthly)!N19""]",True,True,True,84,0,0,=SUM(J13:J18),=SUM(J13:J18),=SUM(J13:J18),,True,6,6,[],26,NO_SEMANTIC_CHANGE,Not manually adjudicated beyond exact/fingerprint checks,,,,,
DECISION,Financial_Model:07_01,O3::op2,O3,Cashflow (Monthly)!J24,False,True,True,True,True,"[""Cashflow (Monthly)!D24"", ""Cashflow (Monthly)!K24"", ""Cashflow (Monthly)!L24"", ""Cashflow (Monthly)!M24"", ""Cashflow (Monthly)!N24""]",True,True,True,84,0,0,=SUM(J23),=SUM(J23),=SUM(J23),,True,1,1,[],35,NO_SEMANTIC_CHANGE,Not manually adjudicated beyond exact/fingerprint checks,,,,,
DECISION,Financial_Model:07_01,O3::op3,O3,Cashflow (Monthly)!J35,False,True,True,True,True,"[""Executive Summary!R14"", ""Construction Schedule (1)!L64"", ""Construction Schedule (1)!M64"", ""Construction Schedule (1)!N64"", ""Construction Schedule (1)!O64""]",True,True,True,84,0,0,=SUM(J28:J34),=SUM(J28:J34),=SUM(J28:J34),,True,7,7,[],39,NO_SEMANTIC_CHANGE,Not manually adjudicated beyond exact/fingerprint checks,,,,,
DECISION,Financial_Model:07_01,O3::op4,O3,Cashflow (Monthly)!J47,False,True,True,True,True,"[""Cashflow (Monthly)!K47"", ""Cashflow (Monthly)!L47"", ""Cashflow (Monthly)!M47"", ""Cashflow (Monthly)!N47"", ""Cashflow (Monthly)!O47""]",True,True,True,84,0,0,"=AND(J$4>=$F47,J$4<EDATE($F47,$G47))*((($E47*$D$8)/10000000)-SUM($J44:J46))/($G47)","=AND(J$4>=$F47,J$4<EDATE($F47,$G47))*((($E47*$D$8)/10000000)-SUM($J44:J46))/($G47)","=AND(J$4>=$F47,J$4<EDATE($F47,$G47))*((($E47*$D$8)/10000000)-SUM($J44:J46))/($G47)",,True,8,8,[],45,NO_SEMANTIC_CHANGE,Not manually adjudicated beyond exact/fingerprint checks,,,,,
DECISION,Financial_Model:07_01,O4::op1,O4,Executive Summary!F20,False,True,True,True,True,"[""Executive Summary!G20"", ""Executive Summary!H20"", ""Executive Summary!I20"", ""Executive Summary!J20"", ""Executive Summary!K20""]",True,True,True,13,0,0,=E33,=E33,=E33,,True,1,1,[],49,NO_SEMANTIC_CHANGE,Not manually adjudicated beyond exact/fingerprint checks,,,,,
DECISION,Financial_Model:07_01,O4::op2,O4,Executive Summary!D21,False,True,True,True,True,"[""Executive Summary!D22"", ""Executive Summary!D23"", ""Executive Summary!D24"", ""Executive Summary!D25"", ""Executive Summary!D26""]",False,False,False,0,0,0,,=SUM(F21:R21),=SUM(F21:R21),PROVIDER_TIMEOUT,False,13,13,[],54,ABSTAIN,Not manually adjudicated beyond exact/fingerprint checks,,,,,
DECISION,Financial_Model:07_01,O4::op2,O4,Executive Summary!F21,False,True,True,True,True,"[""Executive Summary!G21"", ""Executive Summary!H21"", ""Executive Summary!I21"", ""Executive Summary!J21"", ""Executive Summary!K21""]",False,False,False,13,0,0,,='Cashflow (Quaterly)'!J19,='Cashflow (Quaterly)'!J19,PROVIDER_TIMEOUT,False,1,1,[],63,ABSTAIN,Not manually adjudicated beyond exact/fingerprint checks,,,,,
DECISION,Financial_Model:07_01,O5::op1,O5,Executive Summary!F33,True,True,True,True,False,[],False,False,False,13,0,0,,=F20+F27+SUM(F29:F32),,PROVIDER_TIMEOUT,False,6,6,[],71,ABSTAIN,Not manually adjudicated beyond exact/fingerprint checks,,,,,
DECISION,Financial_Model:07_01,O6::op1,O6,Cashflow (Monthly)!J69,False,False,,,,[],False,False,False,85,0,0,,,,PROVIDER_TIMEOUT,False,0,0,[],79,ABSTAIN,Gold literal or blank: exact-formula construction and retrieval-completeness undefined. Literal targets remain in requested gold-target operational denominator; separately report formula-only population.,,,,,
DECISION,Financial_Model:07_01,O7::op1,O7,Cashflow (Quaterly)!J22,False,False,,,,[],False,False,False,18,0,0,,,,PROVIDER_TIMEOUT,False,0,0,[],81,ABSTAIN,Gold literal or blank: exact-formula construction and retrieval-completeness undefined. Literal targets remain in requested gold-target operational denominator; separately report formula-only population.,,,,,
DECISION,Financial_Model:08_01,O1::op1,O1,DCF Valuation!C23,False,True,True,True,False,[],False,False,False,0,0,0,,=SUM(F20:K20)+SUM(C20:E20),=SUM(F20:K20)+SUM(C20:E20),PROVIDER_TIMEOUT,False,9,9,[],14,ABSTAIN,Not manually adjudicated beyond exact/fingerprint checks,,,,,
DECISION,Financial_Model:08_01,O1::op2,O1,DCF Valuation!C24,False,True,False,False,False,[],False,False,False,0,0,0,,=IRR(C20:K20),=IRR(C20:K20),PROVIDER_TIMEOUT,False,9,1,"[""DCF Valuation!H20"", ""DCF Valuation!K20"", ""DCF Valuation!D20"", ""DCF Valuation!J20"", ""DCF Valuation!G20"", ""DCF Valuation!F20"", ""DCF Valuation!I20"", ""DCF Valuation!E20""]",16,ABSTAIN,Not manually adjudicated beyond exact/fingerprint checks,,,,,
DECISION,Financial_Model:08_01,O2::op-o2-ebitda,O2,Income Statement!I54,False,True,True,True,True,"[""Income Statement!J54"", ""Income Statement!K54"", ""Income Statement!L54"", ""Income Statement!M54"", ""Income Statement!N54""]",True,True,True,7,0,0,=I47-I50,=I47-I50,=I47-I50,,True,2,2,[],24,NO_SEMANTIC_CHANGE,Not manually adjudicated beyond exact/fingerprint checks,,,,,
DECISION,Financial_Model:08_01,O2::op-o2-ebitda,O2,Income Statement!P54,True,True,True,True,True,"[""Income Statement!I54"", ""Income Statement!J54"", ""Income Statement!K54"", ""Income Statement!L54"", ""Income Statement!M54""]",False,False,False,58,0,0,,=P47-P50,,MODEL_ACCESS_FAILURE,False,2,2,[],29,ABSTAIN,Not manually adjudicated beyond exact/fingerprint checks,,,,,
DECISION,Financial_Model:08_01,O2::op-o2-ebitda-margin,O2,Income Statement!I55,False,False,,,,[],False,False,False,7,0,0,,,,MODEL_ACCESS_FAILURE,False,0,0,[],31,ABSTAIN,Gold literal or blank: exact-formula construction and retrieval-completeness undefined. Literal targets remain in requested gold-target operational denominator; separately report formula-only population.,,,,,
DECISION,Financial_Model:08_01,O2::op-o2-ebitda-margin,O2,Income Statement!P55,False,True,True,True,True,"[""Income Statement!Q55"", ""Income Statement!R55"", ""Income Statement!S55"", ""Income Statement!T55"", ""Income Statement!U55""]",False,False,False,58,0,0,,=P54/P6,=P54/P6,MODEL_ACCESS_FAILURE,False,2,2,[],33,ABSTAIN,Not manually adjudicated beyond exact/fingerprint checks,,,,,
DECISION,Financial_Model:08_01,O2::op-o2-net-income-margin,O2,Income Statement!I69,False,False,,,,[],False,False,False,7,0,0,,,,MODEL_ACCESS_FAILURE,False,0,0,[],35,ABSTAIN,Gold literal or blank: exact-formula construction and retrieval-completeness undefined. Literal targets remain in requested gold-target operational denominator; separately report formula-only population.,,,,,
DECISION,Financial_Model:08_01,O2::op-o2-net-income-margin,O2,Income Statement!P69,False,True,True,True,True,"[""Income Statement!C48"", ""Income Statement!D48"", ""Income Statement!E48"", ""Income Statement!F48"", ""Income Statement!G48""]",False,False,False,58,0,0,,=P68/P$6,=P68/P$6,MODEL_ACCESS_FAILURE,False,2,2,[],37,ABSTAIN,Not manually adjudicated beyond exact/fingerprint checks,,,,,
DECISION,Financial_Model:08_01,O3::op1,O3,Income Statement!J66,False,True,True,True,True,"[""Income Statement!I66"", ""Income Statement!K66"", ""Income Statement!L66"", ""Income Statement!M66"", ""Income Statement!N66""]",False,False,False,6,0,0,,"=IF(J64<0,0,J64*'Assumptions - Company Level'!$C$8)","=IF(J64<0,0,J64*'Assumptions - Company Level'!$C$8)",MODEL_ACCESS_FAILURE,False,2,2,[],39,ABSTAIN,Not manually adjudicated beyond exact/fingerprint checks,,,,,
DECISION,Financial_Model:08_01,O3::op1,O3,Income Statement!P66,True,True,True,True,True,"[""Income Statement!I66"", ""Income Statement!J66"", ""Income Statement!K66"", ""Income Statement!L66"", ""Income Statement!M66""]",False,False,False,59,0,0,,"=IF(P64<0,0,P64*'Assumptions - Company Level'!$C$8)",,MODEL_ACCESS_FAILURE,False,2,2,[],41,ABSTAIN,Not manually adjudicated beyond exact/fingerprint checks,,,,,
DECISION,Financial_Model:08_01,O4::op_bs_trade_payables_link,O4,Balance Sheet!I12,True,True,False,False,False,[],False,False,False,72,0,0,,=+'Working Capital'!C48,,MODEL_ACCESS_FAILURE,False,1,0,"[""Working Capital!C48""]",43,ABSTAIN,Not manually adjudicated beyond exact/fingerprint checks,,,,,
DECISION,Financial_Model:08_01,O4::op_bs_receivable_link,O4,Balance Sheet!I28,True,True,False,False,False,[],False,False,False,72,0,0,,='Working Capital'!C58,,MODEL_ACCESS_FAILURE,False,1,0,"[""Working Capital!C58""]",45,ABSTAIN,Not manually adjudicated beyond exact/fingerprint checks,,,,,
DECISION,Financial_Model:08_01,O5::op1,O5,Balance Sheet!C34,True,True,True,True,False,[],False,False,False,6,0,0,,=C32-C20,,MODEL_ACCESS_FAILURE,False,2,2,[],47,ABSTAIN,Not manually adjudicated beyond exact/fingerprint checks,,,,,
DECISION,Financial_Model:08_01,O5::op1,O5,Balance Sheet!I34,True,True,True,True,False,[],False,False,False,0,0,0,,=I32-I20,,MODEL_ACCESS_FAILURE,False,2,2,[],49,ABSTAIN,Not manually adjudicated beyond exact/fingerprint checks,,,,,
DECISION,Financial_Model:08_01,O6::op-o6-01,O6,Working Capital!J46,True,True,True,True,False,[],False,False,False,65,0,0,,=+SUM(J44:J45),,MODEL_ACCESS_FAILURE,False,2,2,[],51,ABSTAIN,Not manually adjudicated beyond exact/fingerprint checks,,,,,
DECISION,Financial_Model:08_01,O6::op-o6-02,O6,Working Capital!J47,True,True,False,False,False,[],False,False,False,65,0,0,,=(J18+J9+J38+J29)*(1-$C$56),,MODEL_ACCESS_FAILURE,False,5,4,"[""Working Capital!C56""]",53,ABSTAIN,Not manually adjudicated beyond exact/fingerprint checks,,,,,
DECISION,Financial_Model:08_01,O6::op-o6-03,O6,Working Capital!J48,True,True,True,True,False,[],False,False,False,65,0,0,,=J31+J40+J20+J11,,MODEL_ACCESS_FAILURE,False,4,4,[],55,ABSTAIN,Not manually adjudicated beyond exact/fingerprint checks,,,,,
DECISION,Financial_Model:08_01,O8::op1,O8,Dashboard!B21,False,False,,,,[],False,False,False,6,0,0,,,,MODEL_ACCESS_FAILURE,False,0,0,[],57,ABSTAIN,Gold literal or blank: exact-formula construction and retrieval-completeness undefined. Literal targets remain in requested gold-target operational denominator; separately report formula-only population.,,,,,
DECISION,Financial_Model:08_01,O8::op2,O8,Dashboard!J21,False,False,,,,[],False,False,False,6,0,0,,,,MODEL_ACCESS_FAILURE,False,0,0,[],59,ABSTAIN,Gold literal or blank: exact-formula construction and retrieval-completeness undefined. Literal targets remain in requested gold-target operational denominator; separately report formula-only population.,,,,,
DECISION,Financial_Model:08_01,O9::op1,O9,Dashboard!B23,False,True,True,True,True,"[""Dashboard!C23"", ""Dashboard!D23"", ""Dashboard!E23"", ""Dashboard!F23"", ""Dashboard!G23""]",False,False,False,6,0,0,,='Income Statement'!C7/1000000,='Income Statement'!C7/1000000,MODEL_ACCESS_FAILURE,False,1,1,[],61,ABSTAIN,Not manually adjudicated beyond exact/fingerprint checks,,,,,
DECISION,Financial_Model:13_05,O2::op1,O2,Revenue Drivers!I10,False,True,True,True,True,"[""Revenue Drivers!D10"", ""Revenue Drivers!E10"", ""Revenue Drivers!F10"", ""Revenue Drivers!G10"", ""Revenue Drivers!H10""]",True,True,True,5,0,0,=I29,=I29,=I29,,True,1,1,[],14,NO_SEMANTIC_CHANGE,Not manually adjudicated beyond exact/fingerprint checks,,,,,
DECISION,Financial_Model:13_05,O3::op1,O3,Input Sheet!J25,False,True,True,True,True,"[""Input Sheet!K25"", ""Input Sheet!L25"", ""Input Sheet!M25""]",True,True,True,0,0,0,=I25*(1+J26),=I25*(1+J26),=I25*(1+J26),,True,2,2,[],23,NO_SEMANTIC_CHANGE,Not manually adjudicated beyond exact/fingerprint checks,,,,,
DECISION,Financial_Model:13_05,O3::op1,O3,Input Sheet!K25,False,True,True,True,True,"[""Input Sheet!J25"", ""Input Sheet!L25"", ""Input Sheet!M25""]",False,False,False,0,0,0,,=J25*(1+K26),=J25*(1+K26),PROVIDER_TIMEOUT,False,2,2,[],30,ABSTAIN,Not manually adjudicated beyond exact/fingerprint checks,,,,,
DECISION,Financial_Model:13_05,O3::op1,O3,Input Sheet!L25,False,True,True,True,True,"[""Input Sheet!J25"", ""Input Sheet!K25"", ""Input Sheet!M25""]",True,True,True,2,0,0,=K25*(1+L26),=K25*(1+L26),=K25*(1+L26),,True,2,2,[],39,NO_SEMANTIC_CHANGE,Not manually adjudicated beyond exact/fingerprint checks,,,,,
DECISION,Financial_Model:13_05,O5::op1,O5,Assets Sch.!K9,True,True,True,True,True,"[""Assets Sch.!K8"", ""Assets Sch.!L8"", ""Assets Sch.!M8"", ""Assets Sch.!N8"", ""Assets Sch.!O8""]",True,True,True,5,4,4,=K15+K21+K27+K33,=K15+K21+K27+K33,,,True,4,4,[],48,WRITES_SCHEDULED,Not manually adjudicated beyond exact/fingerprint checks,,,,,
DECISION,Financial_Model:13_05,O6::op_o6_is_da_link,O6,IS!K15,True,True,True,True,False,[],True,True,True,5,4,4,='Assets Sch.'!K9,='Assets Sch.'!K9,,,True,1,1,[],57,WRITES_SCHEDULED,Not manually adjudicated beyond exact/fingerprint checks,,,,,
DECISION,Financial_Model:15_05,O1::op1,O1,Formats!A1,False,False,,,,[],False,False,False,0,0,0,,KIMS IN,KIMS IN,,True,0,0,[],15,ABSTAIN,Gold literal or blank: exact-formula construction and retrieval-completeness undefined. Literal targets remain in requested gold-target operational denominator; separately report formula-only population.,,,,,
DECISION,Financial_Model:15_05,O2::op1,O2,Formats!P25,False,True,True,True,True,"[""Formats!Q25"", ""Formats!R25"", ""Formats!S25"", ""Formats!T25"", ""Formats!U25""]",True,True,True,9,0,0,=Consol_annual!T43,=Consol_annual!T43,=Consol_annual!T43,,True,1,1,[],17,NO_SEMANTIC_CHANGE,Not manually adjudicated beyond exact/fingerprint checks,,,,,
DECISION,Financial_Model:15_05,O1::op1,O1,Formats!D1,False,False,,,,[],False,False,False,0,0,0,,Consolidated Financials,Consolidated Financials,PROVIDER_TIMEOUT,False,0,0,[],25,ABSTAIN,Gold literal or blank: exact-formula construction and retrieval-completeness undefined. Literal targets remain in requested gold-target operational denominator; separately report formula-only population.,,,,,
DECISION,Financial_Model:15_05,O2::op2,O2,Formats!AA25,False,True,True,True,True,"[""Formats!AB25"", ""Formats!AC25"", ""Formats!AD25"", ""Formats!AE25"", ""Formats!AF25""]",False,False,False,9,0,0,,=(AA7-AA19)/AA6,=(AA7-AA19)/AA6,PROVIDER_TIMEOUT,False,3,3,[],27,ABSTAIN,Not manually adjudicated beyond exact/fingerprint checks,,,,,
DECISION,Financial_Model:15_05,O5::op1,O5,Formats!AY16,False,False,,,,[],False,False,False,2,0,0,,,,PROVIDER_TIMEOUT,False,0,0,[],33,ABSTAIN,Gold literal or blank: exact-formula construction and retrieval-completeness undefined. Literal targets remain in requested gold-target operational denominator; separately report formula-only population.,,,,,
DECISION,Financial_Model:15_05,O6::op1,O6,Formats!AX41,False,False,,,,[],False,False,False,0,0,0,,,,PROVIDER_TIMEOUT,False,0,0,[],36,ABSTAIN,Gold literal or blank: exact-formula construction and retrieval-completeness undefined. Literal targets remain in requested gold-target operational denominator; separately report formula-only population.,,,,,
DECISION,Financial_Model:15_05,O7::op1,O7,Report Tables!C2,False,True,True,True,True,"[""Report Tables!D2"", ""Report Tables!E2"", ""Report Tables!F2"", ""Report Tables!G3"", ""Report Tables!H3""]",True,True,True,0,0,0,=Formats!AW3,=Formats!AW3,=Formats!AW3,,True,1,1,[],40,NO_SEMANTIC_CHANGE,Not manually adjudicated beyond exact/fingerprint checks,,,,,
DECISION,Financial_Model:15_05,O1::op1,O1,Formats!O1,False,False,,,,[],False,False,False,0,0,0,,Consolidated Financials,Consolidated Financials,,True,0,0,[],44,ABSTAIN,Gold literal or blank: exact-formula construction and retrieval-completeness undefined. Literal targets remain in requested gold-target operational denominator; separately report formula-only population.,,,,,
DECISION,Financial_Model:15_05,O7::op1,O7,Report Tables!D2,False,True,True,True,True,"[""Report Tables!C2"", ""Report Tables!E2"", ""Report Tables!F2"", ""Report Tables!G3"", ""Report Tables!H3""]",True,True,True,0,0,0,=Formats!AX3,=Formats!AX3,=Formats!AX3,,True,1,1,[],53,NO_SEMANTIC_CHANGE,Not manually adjudicated beyond exact/fingerprint checks,,,,,
DECISION,Financial_Model:15_05,O1::op1,O1,Formats!AV2,False,False,,,,[],False,False,False,0,0,0,,Quarterly Result Table (Consolidated ),Quarterly Result Table (Consolidated ),,True,0,0,[],57,ABSTAIN,Gold literal or blank: exact-formula construction and retrieval-completeness undefined. Literal targets remain in requested gold-target operational denominator; separately report formula-only population.,,,,,
DECISION,Financial_Model:15_05,O7::op1,O7,Report Tables!E2,False,True,True,True,True,"[""Report Tables!C2"", ""Report Tables!D2"", ""Report Tables!F2"", ""Report Tables!G3"", ""Report Tables!H3""]",True,True,True,0,0,0,=Formats!AY3,=Formats!AY3,=Formats!AY3,,True,1,1,[],66,NO_SEMANTIC_CHANGE,Not manually adjudicated beyond exact/fingerprint checks,,,,,
DECISION,Financial_Model:15_05,O7::op1,O7,Report Tables!F2,False,True,True,True,True,"[""Report Tables!C2"", ""Report Tables!D2"", ""Report Tables!E2"", ""Report Tables!G3"", ""Report Tables!H3""]",True,True,True,0,0,0,=Formats!AZ3,=Formats!AZ3,=Formats!AZ3,,True,1,1,[],75,NO_SEMANTIC_CHANGE,Not manually adjudicated beyond exact/fingerprint checks,,,,,
DECISION,Financial_Model:15_05,O7::op2,O7,Report Tables!G2,False,False,,,,[],False,False,False,0,0,0,,% Change,% Change,PROVIDER_TIMEOUT,False,0,0,[],80,ABSTAIN,Gold literal or blank: exact-formula construction and retrieval-completeness undefined. Literal targets remain in requested gold-target operational denominator; separately report formula-only population.,,,,,
DECISION,Financial_Model:15_05,O7::op2,O7,Report Tables!H2,False,False,,,,[],False,False,False,2,0,0,,,,PROVIDER_TIMEOUT,False,0,0,[],84,ABSTAIN,Gold literal or blank: exact-formula construction and retrieval-completeness undefined. Literal targets remain in requested gold-target operational denominator; separately report formula-only population.,,,,,
DECISION,Financial_Model:15_05,O7::op2,O7,Report Tables!J2,False,False,,,,[],True,False,False,0,0,0,=Formats!BD3,Comments,Comments,,True,0,0,[],91,WRITES_SCHEDULED,Gold literal or blank: exact-formula construction and retrieval-completeness undefined. Literal targets remain in requested gold-target operational denominator; separately report formula-only population.,,,,,
DECISION,Financial_Model:15_05,O7::op2,O7,Report Tables!K2,False,False,,,,[],False,False,False,0,0,0,,,,MODEL_ACCESS_FAILURE,False,0,0,[],95,ABSTAIN,Gold literal or blank: exact-formula construction and retrieval-completeness undefined. Literal targets remain in requested gold-target operational denominator; separately report formula-only population.,,,,,
DECISION,Financial_Model:15_05,O7::op2,O7,Report Tables!L2,False,False,,,,[],False,False,False,0,0,0,,Estimate Revision,Estimate Revision,MODEL_ACCESS_FAILURE,False,0,0,[],97,ABSTAIN,Gold literal or blank: exact-formula construction and retrieval-completeness undefined. Literal targets remain in requested gold-target operational denominator; separately report formula-only population.,,,,,
DECISION,Financial_Model:15_05,O7::op2,O7,Report Tables!M2,False,False,,,,[],False,False,False,0,0,0,,,,MODEL_ACCESS_FAILURE,False,0,0,[],99,ABSTAIN,Gold literal or blank: exact-formula construction and retrieval-completeness undefined. Literal targets remain in requested gold-target operational denominator; separately report formula-only population.,,,,,
DECISION,Financial_Model:15_05,O7::op2,O7,Report Tables!N2,False,False,,,,[],False,False,False,0,0,0,,,,PROVIDER_TIMEOUT,False,0,0,[],101,ABSTAIN,Gold literal or blank: exact-formula construction and retrieval-completeness undefined. Literal targets remain in requested gold-target operational denominator; separately report formula-only population.,,,,,
AGGREGATE,,,,,,,,,,,,,,,,,,,,,,,,,,,,ALL_AUTHORISED_ATTEMPTS,89,21,0.23595505617977527,21
AGGREGATE,,,,,,,,,,,,,,,,,,,,,,,,,,,,GOLD_TARGET,35,7,0.2,7
AGGREGATE,,,,,,,,,,,,,,,,,,,,,,,,,,,,GOLD_TARGET_COMPLETE_RETRIEVAL,23,7,0.30434782608695654,7
AGGREGATE,,,,,,,,,,,,,,,,,,,,,,,,,,,,RETURNED_MODEL_CONTENT,35,21,0.6,21
AGGREGATE,,,,,,,,,,,,,,,,,,,,,,,,,,,,GOLD_TARGET_RETURNED_MODEL_CONTENT,16,7,0.4375,7
AGGREGATE,,,,,,,,,,,,,,,,,,,,,,,,,,,,GOLD_COMPLETE_RETURNED_MODEL_CONTENT,11,7,0.6363636363636364,7
AGGREGATE,,,,,,,,,,,,,,,,,,,,,,,,,,,,PROPOSALS_ONLY,30,21,0.7,21
AGGREGATE,,,,,,,,,,,,,,,,,,,,,,,,,,,,GOLD_COMPLETE_PROPOSALS_ONLY,11,7,0.6363636363636364,7
AGGREGATE,,,,,,,,,,,,,,,,,,,,,,,,,,,,GOLD_FORMULA_TARGET,32,7,0.21875,
AGGREGATE,,,,,,,,,,,,,,,,,,,,,,,,,,,,USEFUL_GOLD_EXACT_UNCONDITIONAL,89,7,0.07865168539325842,
