workload_id,population_role,target_status,base_rep_values,off_rep_values,on_rep_values,base_median,off_median,on_median,reducer_definition,saved_s_off_on,saved_s_base_on,ratio_on_off,ratio_on_base,reduction_off_on,route_off,route_off_unanimous_3reps,route_on,route_on_unanimous_3reps,direct_served_loads_on,direct_served_reads_on,direct_iteration_cells_on,fallback_loads_on,reference_loads_on,artifact_status_on,exits_off,exits_on,base_exit,parity_population_A,included_in_historical_aggregate,source_evidence
Debugging_01_04__542f8461a344,BLOCKED_OTHER,False,"[0.385, 0.3953, 0.3839]","[0.5321, 0.4979, 0.4824]","[0.4764, 0.4893, 0.5044]",0.385,0.4979,0.4893,median of 3 warm reps (historical R3 reducer),0.008599999999999997,-0.1043,0.9827274553123118,1.270909090909091,0.01727254468768824,REFERENCE_FAST_PATH,True,REFERENCE_FAST_PATH,True,"[0, 0, 0]","[0, 0, 0]","[0, 0, 0]","[0, 0, 0]","[0, 0, 0]","[[], [], []]","[0, 0, 0]","[0, 0, 0]",0,True,True,research/full_cell_iteration_product_confirmation/REPRESENTATIVE_RESULTS.jsonl
Debugging_02_06__7252ca64cf1c,TARGET,True,"[0.4093, 0.4246, 0.4521]","[0.5142, 0.6114, 0.5577]","[0.4409, 0.4534, 0.3888]",0.4246,0.5577,0.4409,median of 3 warm reps (historical R3 reducer),0.11679999999999996,-0.016300000000000037,0.7905684059530214,1.0383890720678286,0.20943159404697864,REFERENCE_FAST_PATH,True,DIRECT_RUNTIME,True,"[1, 1, 1]","[1037, 1037, 1037]","[800, 800, 800]","[0, 0, 0]","[0, 0, 0]","[[""REUSED""], [""REUSED""], [""REUSED""]]","[0, 0, 0]","[0, 0, 0]",0,True,True,research/full_cell_iteration_product_confirmation/REPRESENTATIVE_RESULTS.jsonl
Debugging_02_06__88edc6528ef0,BLOCKED_OTHER,False,"[0.4422, 0.4544, 0.4652]","[0.5252, 0.5286, 0.5456]","[0.5201, 0.5447, 0.5219]",0.4544,0.5286,0.5219,median of 3 warm reps (historical R3 reducer),0.006699999999999928,-0.0675,0.9873250094589483,1.1485475352112675,0.0126749905410517,REFERENCE_FAST_PATH,True,REFERENCE_FAST_PATH,True,"[0, 0, 0]","[0, 0, 0]","[0, 0, 0]","[0, 0, 0]","[0, 0, 0]","[[], [], []]","[0, 0, 0]","[0, 0, 0]",0,True,True,research/full_cell_iteration_product_confirmation/REPRESENTATIVE_RESULTS.jsonl
Debugging_04_07__62a7766ef582,TARGET,True,"[2.9095, 2.9066, 2.8796]","[3.2344, 3.0668, 3.1048]","[0.4704, 0.5125, 0.5077]",2.9066,3.1048,0.5077,median of 3 warm reps (historical R3 reducer),2.5971,2.3989000000000003,0.16352099974233447,0.17467143741828942,0.8364790002576655,REFERENCE_FAST_PATH,True,DIRECT_RUNTIME,True,"[1, 1, 1]","[353, 353, 353]","[320, 320, 320]","[0, 0, 0]","[0, 0, 0]","[[""REUSED""], [""REUSED""], [""REUSED""]]","[0, 0, 0]","[0, 0, 0]",0,True,True,research/full_cell_iteration_product_confirmation/REPRESENTATIVE_RESULTS.jsonl
Debugging_05_02__f274eaa3cc8e,TARGET,True,"[1.7562, 1.7396, 1.7456]","[1.8285, 1.7979, 1.9591]","[0.4372, 0.3733, 0.4099]",1.7456,1.8285,0.4099,median of 3 warm reps (historical R3 reducer),1.4186,1.3357,0.22417281925075197,0.23481897341888175,0.7758271807492481,REFERENCE_FAST_PATH,True,DIRECT_RUNTIME,True,"[1, 1, 1]","[2027, 2027, 2027]","[1430, 1430, 1430]","[0, 0, 0]","[0, 0, 0]","[[""REUSED""], [""REUSED""], [""REUSED""]]","[0, 0, 0]","[0, 0, 0]",0,True,True,research/full_cell_iteration_product_confirmation/REPRESENTATIVE_RESULTS.jsonl
Debugging_09_03__0828d4dfbd13,TARGET,True,"[0.3786, 0.3412, 0.4335]","[0.4969, 0.5104, 0.4801]","[0.3971, 0.4471, 0.3654]",0.3786,0.4969,0.3971,median of 3 warm reps (historical R3 reducer),0.0998,-0.018500000000000016,0.7991547595089555,1.048864236661384,0.20084524049104446,REFERENCE_FAST_PATH,True,DIRECT_RUNTIME,True,"[1, 1, 1]","[1512, 1512, 1512]","[1175, 1175, 1175]","[0, 0, 0]","[0, 0, 0]","[[""REUSED""], [""REUSED""], [""REUSED""]]","[0, 0, 0]","[0, 0, 0]",0,True,True,research/full_cell_iteration_product_confirmation/REPRESENTATIVE_RESULTS.jsonl
Debugging_09_03__59822a6e11e7,BLOCKED_OTHER,False,"[0.359, 0.4056, 0.3806]","[0.5266, 0.5115, 0.4805]","[0.4581, 0.4511, 0.4495]",0.3806,0.5115,0.4511,median of 3 warm reps (historical R3 reducer),0.060399999999999954,-0.07050000000000001,0.8819159335288368,1.1852338413032055,0.11808406647116321,REFERENCE_FAST_PATH,True,REFERENCE_FAST_PATH,True,"[0, 0, 0]","[0, 0, 0]","[0, 0, 0]","[0, 0, 0]","[0, 0, 0]","[[], [], []]","[0, 0, 0]","[0, 0, 0]",0,True,True,research/full_cell_iteration_product_confirmation/REPRESENTATIVE_RESULTS.jsonl
Debugging_10_07__6dd8f6d3a4dd,TARGET,True,"[24.2899, 23.6886, 24.5043]","[24.2102, 24.0106, 24.231]","[1.63, 1.6284, 1.6212]",24.2899,24.2102,1.6284,median of 3 warm reps (historical R3 reducer),22.5818,22.6615,0.06726090656004494,0.06704021012848962,0.9327390934399551,REFERENCE_FAST_PATH,True,DIRECT_RUNTIME,True,"[1, 1, 1]","[1144, 1144, 1144]","[820, 820, 820]","[0, 0, 0]","[0, 0, 0]","[[""REUSED""], [""REUSED""], [""REUSED""]]","[0, 0, 0]","[0, 0, 0]",0,True,True,research/full_cell_iteration_product_confirmation/REPRESENTATIVE_RESULTS.jsonl
Debugging_10_07__e3a79d24091a,TARGET,True,"[23.9998, 23.9737, 24.0999]","[24.4814, 23.969, 24.3776]","[1.6031, 1.7098, 1.7872]",23.9998,24.3776,1.7098,median of 3 warm reps (historical R3 reducer),22.6678,22.29,0.07013815962194801,0.0712422603521696,0.929861840378052,REFERENCE_FAST_PATH,True,DIRECT_RUNTIME,True,"[1, 1, 1]","[739, 739, 739]","[500, 500, 500]","[0, 0, 0]","[0, 0, 0]","[[""REUSED""], [""REUSED""], [""REUSED""]]","[0, 0, 0]","[0, 0, 0]",0,True,True,research/full_cell_iteration_product_confirmation/REPRESENTATIVE_RESULTS.jsonl
Debugging_10_10__c7eca76e6646,TARGET,True,"[24.2062, 24.5967, 24.6332]","[24.7461, 24.5964, 24.343]","[1.6696, 1.7292, 1.7363]",24.5967,24.5964,1.7292,median of 3 warm reps (historical R3 reducer),22.8672,22.8675,0.07030297116651217,0.07030211369817903,0.9296970288334878,REFERENCE_FAST_PATH,True,DIRECT_RUNTIME,True,"[1, 1, 1]","[14598, 14598, 14598]","[10400, 10400, 10400]","[0, 0, 0]","[0, 0, 0]","[[""REUSED""], [""REUSED""], [""REUSED""]]","[0, 0, 0]","[0, 0, 0]",0,True,True,research/full_cell_iteration_product_confirmation/REPRESENTATIVE_RESULTS.jsonl
Financial_Model_02_01__79352976d750,ADMITTED_PREEXISTING,False,"[0.5144, 0.5428, 0.4791]","[0.4735, 0.4548, 0.3793]","[0.4565, 0.3958, 0.523]",0.5144,0.4548,0.4565,median of 3 warm reps (historical R3 reducer),-0.0017000000000000348,0.05789999999999995,1.0037379067722076,0.8874416796267497,-0.0037379067722076442,DIRECT_RUNTIME,True,DIRECT_RUNTIME,True,"[1, 1, 1]","[193, 193, 193]","[0, 0, 0]","[0, 0, 0]","[0, 0, 0]","[[""REUSED""], [""REUSED""], [""REUSED""]]","[0, 0, 0]","[0, 0, 0]",0,True,True,research/full_cell_iteration_product_confirmation/REPRESENTATIVE_RESULTS.jsonl
Financial_Model_02_01__bb15e0fe3832,ADMITTED_PREEXISTING,False,"[0.4668, 0.4647, 0.4722]","[0.4465, 0.5196, 0.4396]","[0.4962, 0.5184, 0.4634]",0.4668,0.4465,0.4962,median of 3 warm reps (historical R3 reducer),-0.049699999999999966,-0.02939999999999998,1.1113101903695408,1.062982005141388,-0.11131019036954082,DIRECT_RUNTIME,True,DIRECT_RUNTIME,True,"[1, 1, 1]","[193, 193, 193]","[0, 0, 0]","[0, 0, 0]","[0, 0, 0]","[[""REUSED""], [""REUSED""], [""REUSED""]]","[0, 0, 0]","[0, 0, 0]",0,True,True,research/full_cell_iteration_product_confirmation/REPRESENTATIVE_RESULTS.jsonl
Financial_Model_02_05__90004332940a,TARGET,True,"[0.4267, 0.531, 0.4919]","[0.5807, 0.5143, 0.5832]","[0.396, 0.4227, 0.4644]",0.4919,0.5807,0.4227,median of 3 warm reps (historical R3 reducer),0.15799999999999997,0.06919999999999998,0.7279145858446703,0.8593210002032934,0.2720854141553297,REFERENCE_FAST_PATH,True,DIRECT_RUNTIME,True,"[1, 1, 1]","[1955, 1955, 1955]","[1331, 1331, 1331]","[0, 0, 0]","[0, 0, 0]","[[""REUSED""], [""REUSED""], [""REUSED""]]","[0, 0, 0]","[0, 0, 0]",0,True,True,research/full_cell_iteration_product_confirmation/REPRESENTATIVE_RESULTS.jsonl
Financial_Model_02_05__c75ecb00f745,TARGET,True,"[0.4263, 0.4675, 0.4658]","[0.5783, 0.6181, 0.5416]","[0.3908, 0.4344, 0.4416]",0.4658,0.5783,0.4344,median of 3 warm reps (historical R3 reducer),0.14390000000000003,0.031399999999999983,0.7511672142486598,0.9325890940317734,0.24883278575134016,REFERENCE_FAST_PATH,True,DIRECT_RUNTIME,True,"[1, 1, 1]","[2388, 2388, 2388]","[1804, 1804, 1804]","[0, 0, 0]","[0, 0, 0]","[[""REUSED""], [""REUSED""], [""REUSED""]]","[0, 0, 0]","[0, 0, 0]",0,True,True,research/full_cell_iteration_product_confirmation/REPRESENTATIVE_RESULTS.jsonl
Financial_Model_08_01__2ea507d758dc,ADMITTED_PREEXISTING,False,"[5.3758, 5.1779, 5.2373]","[1.5429, 1.5655, 1.5722]","[1.6035, 1.6041, 1.6174]",5.2373,1.5655,1.6041,median of 3 warm reps (historical R3 reducer),-0.03860000000000019,3.6332000000000004,1.0246566592143087,0.3062837721726844,-0.024656659214308707,DIRECT_RUNTIME,True,DIRECT_RUNTIME,True,"[1, 1, 1]","[1611, 1611, 1611]","[0, 0, 0]","[0, 0, 0]","[0, 0, 0]","[[""REUSED""], [""REUSED""], [""REUSED""]]","[0, 0, 0]","[0, 0, 0]",0,True,True,research/full_cell_iteration_product_confirmation/REPRESENTATIVE_RESULTS.jsonl
Financial_Model_08_02__4ca3ae46295d,TARGET,True,"[5.3035, 5.3959, 5.2862]","[5.5337, 5.457, 5.4095]","[1.6696, 1.5753, 1.8571]",5.3035,5.457,1.6696,median of 3 warm reps (historical R3 reducer),3.7874,3.6338999999999997,0.30595565328935315,0.3148109738851702,0.6940443467106469,REFERENCE_FAST_PATH,True,DIRECT_RUNTIME,True,"[1, 1, 1]","[8351, 8351, 8351]","[4800, 4800, 4800]","[0, 0, 0]","[0, 0, 0]","[[""REUSED""], [""REUSED""], [""REUSED""]]","[0, 0, 0]","[0, 0, 0]",0,True,True,research/full_cell_iteration_product_confirmation/REPRESENTATIVE_RESULTS.jsonl
Financial_Model_08_02__625ec1db4acb,TARGET,True,"[5.5383, 5.3359, 5.4754]","[5.4594, 5.3159, 5.6172]","[1.5273, 1.56, 1.5689]",5.4754,5.4594,1.56,median of 3 warm reps (historical R3 reducer),3.8993999999999995,3.9153999999999995,0.2857456863391582,0.28491069145633197,0.7142543136608418,REFERENCE_FAST_PATH,True,DIRECT_RUNTIME,True,"[1, 1, 1]","[11112, 11112, 11112]","[8000, 8000, 8000]","[0, 0, 0]","[0, 0, 0]","[[""REUSED""], [""REUSED""], [""REUSED""]]","[0, 0, 0]","[0, 0, 0]",0,True,True,research/full_cell_iteration_product_confirmation/REPRESENTATIVE_RESULTS.jsonl
Financial_Model_08_03__e48ea186deeb,ADMITTED_PREEXISTING,False,"[5.0982, 5.2787, 5.4575]","[1.6178, 1.5441, 1.6086]","[1.5137, 1.5902, 1.5929]",5.2787,1.6086,1.5902,median of 3 warm reps (historical R3 reducer),0.018399999999999972,3.6884999999999994,0.9885614820340669,0.3012484134351261,0.011438517965933093,DIRECT_RUNTIME,True,DIRECT_RUNTIME,True,"[1, 1, 1]","[627, 627, 627]","[0, 0, 0]","[0, 0, 0]","[0, 0, 0]","[[""REUSED""], [""REUSED""], [""REUSED""]]","[0, 0, 0]","[0, 0, 0]",0,True,True,research/full_cell_iteration_product_confirmation/REPRESENTATIVE_RESULTS.jsonl
Financial_Model_11_02__a443eee257b4,ADMITTED_PREEXISTING,False,"[1.1727, 1.1497, 1.1238]","[0.5628, 0.5599, 0.5431]","[0.5262, 0.5487, 0.6288]",1.1497,0.5599,0.5487,median of 3 warm reps (historical R3 reducer),0.011199999999999988,0.601,0.9799964279335596,0.4772549360702792,0.020003572066440434,DIRECT_RUNTIME,True,DIRECT_RUNTIME,True,"[1, 1, 1]","[111, 111, 111]","[0, 0, 0]","[0, 0, 0]","[0, 0, 0]","[[""REUSED""], [""REUSED""], [""REUSED""]]","[0, 0, 0]","[0, 0, 0]",0,True,True,research/full_cell_iteration_product_confirmation/REPRESENTATIVE_RESULTS.jsonl
Financial_Model_15_03__64092e664e9b,TARGET,True,"[0.7683, 0.7818, 0.7424]","[0.849, 0.8845, 0.8989]","[0.5581, 0.5599, 0.5021]",0.7683,0.8845,0.5581,median of 3 warm reps (historical R3 reducer),0.3263999999999999,0.21019999999999994,0.6309779536461279,0.7264089548353508,0.36902204635387215,REFERENCE_FAST_PATH,True,DIRECT_RUNTIME,True,"[1, 1, 1]","[10768, 10768, 10768]","[8145, 8145, 8145]","[0, 0, 0]","[0, 0, 0]","[[""REUSED""], [""REUSED""], [""REUSED""]]","[0, 0, 0]","[0, 0, 0]",0,True,True,research/full_cell_iteration_product_confirmation/REPRESENTATIVE_RESULTS.jsonl
Template_03_03__c76ea596b408,ADMITTED_PREEXISTING,False,"[0.2756, 0.2683, 0.2665]","[0.4065, 0.4299, 0.413]","[0.4125, 0.3508, 0.4221]",0.2683,0.413,0.4125,median of 3 warm reps (historical R3 reducer),0.0005000000000000004,-0.1442,0.9987893462469734,1.537458069325382,0.001210653753026647,DIRECT_RUNTIME,True,DIRECT_RUNTIME,True,"[1, 1, 1]","[43, 43, 43]","[0, 0, 0]","[0, 0, 0]","[0, 0, 0]","[[""REUSED""], [""REUSED""], [""REUSED""]]","[0, 0, 0]","[0, 0, 0]",0,True,True,research/full_cell_iteration_product_confirmation/REPRESENTATIVE_RESULTS.jsonl
Template_06_02__85fab8c95cea,BLOCKED_OTHER,False,"[0.2664, 0.2598, 0.3062]","[0.4111, 0.4133, 0.368]","[0.4102, 0.4062, 0.4042]",0.2664,0.4111,0.4062,median of 3 warm reps (historical R3 reducer),0.0049000000000000155,-0.13979999999999998,0.9880807589394307,1.5247747747747746,0.011919241060569297,REFERENCE_FAST_PATH,True,REFERENCE_FAST_PATH,True,"[0, 0, 0]","[0, 0, 0]","[0, 0, 0]","[0, 0, 0]","[0, 0, 0]","[[], [], []]","[0, 0, 0]","[0, 0, 0]",0,True,True,research/full_cell_iteration_product_confirmation/REPRESENTATIVE_RESULTS.jsonl
Template_06_02__c26a4c6508ba,BLOCKED_OTHER,False,"[0.2946, 0.2682, 0.2671]","[0.428, 0.3841, 0.4433]","[0.3772, 0.3782, 0.3675]",0.2682,0.428,0.3772,median of 3 warm reps (historical R3 reducer),0.05080000000000001,-0.10899999999999999,0.8813084112149533,1.4064131245339297,0.11869158878504671,REFERENCE_FAST_PATH,True,REFERENCE_FAST_PATH,True,"[0, 0, 0]","[0, 0, 0]","[0, 0, 0]","[0, 0, 0]","[0, 0, 0]","[[], [], []]","[0, 0, 0]","[0, 0, 0]",0,True,True,research/full_cell_iteration_product_confirmation/REPRESENTATIVE_RESULTS.jsonl
Template_06_12__3d05a7ee874d,BLOCKED_OTHER,False,"[0.29, 0.3215, 0.2856]","[0.3637, 0.3669, 0.3731]","[0.371, 0.3786, 0.4121]",0.29,0.3669,0.3786,median of 3 warm reps (historical R3 reducer),-0.011699999999999988,-0.08860000000000001,1.0318887980376124,1.3055172413793104,-0.031888798037612354,REFERENCE_FAST_PATH,True,REFERENCE_FAST_PATH,True,"[0, 0, 0]","[0, 0, 0]","[0, 0, 0]","[0, 0, 0]","[0, 0, 0]","[[], [], []]","[0, 0, 0]","[0, 0, 0]",0,True,True,research/full_cell_iteration_product_confirmation/REPRESENTATIVE_RESULTS.jsonl
Template_06_12__83f82ce3f62b,BLOCKED_OTHER,False,"[0.2896, 0.3223, 0.2794]","[0.3695, 0.3758, 0.4151]","[0.3581, 0.4316, 0.3745]",0.2896,0.3758,0.3745,median of 3 warm reps (historical R3 reducer),0.0013000000000000234,-0.08489999999999998,0.99654071314529,1.2931629834254144,0.0034592868547099753,REFERENCE_FAST_PATH,True,REFERENCE_FAST_PATH,True,"[0, 0, 0]","[0, 0, 0]","[0, 0, 0]","[0, 0, 0]","[0, 0, 0]","[[], [], []]","[0, 0, 0]","[0, 0, 0]",0,True,True,research/full_cell_iteration_product_confirmation/REPRESENTATIVE_RESULTS.jsonl
Template_06_23__fc41ad37c48b,ADMITTED_PREEXISTING,False,"[0.2719, 0.3019, 0.268]","[0.417, 0.3609, 0.4185]","[0.4227, 0.3738, 0.418]",0.2719,0.417,0.418,median of 3 warm reps (historical R3 reducer),-0.0010000000000000009,-0.1461,1.0023980815347722,1.5373299006987864,-0.0023980815347721673,DIRECT_WITH_FALLBACK,True,DIRECT_WITH_FALLBACK,True,"[1, 1, 1]","[0, 0, 0]","[0, 0, 0]","[1, 1, 1]","[1, 1, 1]","[[""REUSED""], [""REUSED""], [""REUSED""]]","[0, 0, 0]","[0, 0, 0]",0,True,True,research/full_cell_iteration_product_confirmation/REPRESENTATIVE_RESULTS.jsonl
Template_15_01__fa75e25f6a90,BLOCKED_OTHER,False,"[0.2965, 0.276, 0.2917]","[0.375, 0.4148, 0.4263]","[0.3702, 0.415, 0.3619]",0.2917,0.4148,0.3702,median of 3 warm reps (historical R3 reducer),0.04460000000000003,-0.07849999999999996,0.8924783027965284,1.2691121014741171,0.1075216972034716,REFERENCE_FAST_PATH,True,REFERENCE_FAST_PATH,True,"[0, 0, 0]","[0, 0, 0]","[0, 0, 0]","[0, 0, 0]","[0, 0, 0]","[[], [], []]","[0, 0, 0]","[0, 0, 0]",0,True,True,research/full_cell_iteration_product_confirmation/REPRESENTATIVE_RESULTS.jsonl
Template_15_03__5ad5663409d0,BLOCKED_OTHER,False,"[0.2675, 0.3418, 0.2841]","[0.3647, 0.3637, 0.3687]","[0.3839, 0.4193, 0.3716]",0.2841,0.3647,0.3839,median of 3 warm reps (historical R3 reducer),-0.019199999999999995,-0.0998,1.0526460104195228,1.3512847588877155,-0.05264601041952277,REFERENCE_FAST_PATH,True,REFERENCE_FAST_PATH,True,"[0, 0, 0]","[0, 0, 0]","[0, 0, 0]","[0, 0, 0]","[0, 0, 0]","[[], [], []]","[0, 0, 0]","[0, 0, 0]",0,True,True,research/full_cell_iteration_product_confirmation/REPRESENTATIVE_RESULTS.jsonl
Template_15_03__68f4733f2576,TARGET,True,"[0.2726, 0.2684, 0.2676]","[0.4002, 0.4293, 0.3944]","[0.4589, 0.3732, 0.3649]",0.2684,0.4002,0.3732,median of 3 warm reps (historical R3 reducer),0.027000000000000024,-0.10479999999999995,0.9325337331334332,1.390461997019374,0.06746626686656676,REFERENCE_FAST_PATH,True,DIRECT_RUNTIME,True,"[1, 1, 1]","[1218, 1218, 1218]","[1140, 1140, 1140]","[0, 0, 0]","[0, 0, 0]","[[""REUSED""], [""REUSED""], [""REUSED""]]","[0, 0, 0]","[0, 0, 0]",0,True,True,research/full_cell_iteration_product_confirmation/REPRESENTATIVE_RESULTS.jsonl
Template_16_07__9662584ede5e,ADMITTED_PREEXISTING,False,"[0.2678, 0.2928, 0.2716]","[0.3614, 0.3603, 0.3817]","[0.353, 0.4147, 0.3879]",0.2716,0.3614,0.3879,median of 3 warm reps (historical R3 reducer),-0.026500000000000024,-0.11630000000000001,1.0733259546209186,1.4282032400589102,-0.07332595462091862,DIRECT_RUNTIME,True,DIRECT_RUNTIME,True,"[1, 1, 1]","[92, 92, 92]","[0, 0, 0]","[0, 0, 0]","[0, 0, 0]","[[""REUSED""], [""REUSED""], [""REUSED""]]","[0, 0, 0]","[0, 0, 0]",0,True,True,research/full_cell_iteration_product_confirmation/REPRESENTATIVE_RESULTS.jsonl
