task,task_family,stratum,controlled_spreadsheetbench2,source,original_workbook,instruction_sha256,contaminated_public_example,trajectories,inclusion_status,exclusion_reason
Debugging:07_01,Debugging,controlled,True,SpreadsheetBench-2 (local ignored checkout),True,aff8940e4177337589f0cc731c5dd3ca63c1ab1e4b17905c90be2fd91c0fe846,True,"[""tier1-r01-P-Debugging-07_01"", ""tier1-r02-O-mimo-Debugging-07_01""]",INCLUDED,
Debugging:08_06,Debugging,controlled,True,SpreadsheetBench-2 (local ignored checkout),True,aff8940e4177337589f0cc731c5dd3ca63c1ab1e4b17905c90be2fd91c0fe846,False,"[""tier1-r14-O-mimo-Debugging-08_06""]",INCLUDED,
Template:07_01,Template,controlled,True,SpreadsheetBench-2 (local ignored checkout),True,4314fca1777ab7e11bad6adc6f7857e7dd471fe47365968ff977a62fd3ccb4ce,False,"[""tier1-r03-P-Template-07_01"", ""tier1-r04-O-mimo-Template-07_01""]",INCLUDED,
Template:03_02,Template,controlled,True,SpreadsheetBench-2 (local ignored checkout),True,61524b4001bac39ae80c16cb8fc6a78e58956d8966b4013ac24c4449ba355470,False,"[""tier1-r16-O-mimo-Template-03_02""]",INCLUDED,
Financial_Model:11_05,Financial_Model,controlled,True,SpreadsheetBench-2 (local ignored checkout),True,70fb78abc9a6c6b4b023e76923a1dbf7f0242d257087a6eabd1aa91f17e64e9d,False,"[""tier1-r05-P-Financial_Model-11_05"", ""tier1-r06-O-mimo-Financial_Model-11_05""]",INCLUDED,
Financial_Model:07_01,Financial_Model,controlled,True,SpreadsheetBench-2 (local ignored checkout),True,e68e73acf94d6a2afd1680a8bf01e42bc4a7f8324988770f0210cf562ff2c82e,False,"[""tier1-r18-O-mimo-Financial_Model-07_01""]",INCLUDED,
Curated_Tier1:T1_R1,Curated_Tier1,read,False,Tier 1 curated (authored; research/external_validity_tier1/curated/),True,1634cbeae796d3ef36b0f163e544105e9bfb034c5fbbe89a16155e7c41972c83,False,"[""tier1-r07-P-Curated_Tier1-T1_R1"", ""tier1-r08-O-mimo-Curated_Tier1-T1_R1""]",INCLUDED,
Curated_Tier1:T1_R2,Curated_Tier1,read,False,Tier 1 curated (authored; research/external_validity_tier1/curated/),True,3a0331df56cf1d231a100cfa20d4db7500c0d151587847d56d96d4fcf28bc399,False,"[""tier1-r20-O-mimo-Curated_Tier1-T1_R2""]",INCLUDED,
Curated_Tier1:T1_W1,Curated_Tier1,mutation,False,Tier 1 curated (authored; research/external_validity_tier1/curated/),True,158840fb60190c4f24ee0d270c770664e3e92c2bae6823f96a7c0ee2a19916a8,False,"[""tier1-r09-P-Curated_Tier1-T1_W1"", ""tier1-r10-O-mimo-Curated_Tier1-T1_W1""]",INCLUDED,
Curated_Tier1:T1_W2,Curated_Tier1,mutation,False,Tier 1 curated (authored; research/external_validity_tier1/curated/),True,aac120208b5551dd7bff6bc9fb3f13c60f4b77bd0172093323391a42ff1baf15,False,"[""tier1-r22-O-mimo-Curated_Tier1-T1_W2""]",INCLUDED,
Curated_Tier1:T1_M1,Curated_Tier1,mixed,False,Tier 1 curated (authored; research/external_validity_tier1/curated/),True,f0d4b4e5653f4f30cd730d9eb7d847414f35272c4055333cbb1ef6b8b87783f9,False,"[""tier1-r11-P-Curated_Tier1-T1_M1"", ""tier1-r12-O-mimo-Curated_Tier1-T1_M1""]",INCLUDED,
Curated_Tier1:T1_M2,Curated_Tier1,mixed,False,Tier 1 curated (authored; research/external_validity_tier1/curated/),True,7fde42b20e85cd4de24b63f12143c31deb6954134c7ddd6653007ba71e445813,False,"[""tier1-r24-O-mimo-Curated_Tier1-T1_M2""]",INCLUDED,
