task,obligation_id,loss_boundary,exact_evidence,coverage,code_boundary,disposition
15_05,O3,TASK_IR_MISSING_CONTEXT,Raw instruction supplies Formats context; generated locus retains only balance-sheet/table phrase.,132 annotated ratio cells missed,task_obligation_compile / saved compiler,No automatic locus inheritance; raw task remains available.
05_01,O7,IR_FIELD_NOT_CONSUMED,all three tranches survives in scope; subject candidate construction consumes total funds raised.,297 missed cells; scope shadow exposes all three row labels,workbook_grounding.subject_queries / parse_scope_spec,Role/population hypothesis; no automatic scope-to-authority mapping.
03_01,O4,IR_FIELD_NOT_CONSUMED,"year-on-year growth survives in required_change; shadow lookup finds R2 Growth (%), an output-column header.",230 missed cells; restored temporal axis alone recovers zero,workbook_grounding.project_obligation / subject_queries,A mention must retain column/output role; a subject-row union would be wrong.
15_05,O4–O6,IR_FIELD_NOT_CONSUMED,Metric list and below-table context reside in parent; child shards retain then_after IDs without referenced IR objects.,21 distinct logical-output cells; 55 extra scope labels recover no output row,matched_compiled_treatment._fragment_context,"Full raw task retained. Then-after is sequencing, not proven inheritance."
all 20 FM,temporal,WORKBOOK_FACT_ABSENT_FROM_ACTIVE_WORLD,Original DBs contain zero temporal coordinates; repaired DBs already contain compiled local/propagated facts.,11 audited run DBs and all 20 FM default DBs are empty on temporal layer,fm_resource_feasibility.run_treatment_task / matched_compiled_treatment.build_environment,Routing and placeholder-cache defects repaired; frozen caches untouched.
13_05,O1,WORKBOOK_FACT_PRESENT_NOT_PROJECTED,Input Sheet I5:M5 FY26–FY30 exists in repaired DB but old planner used local spine periods.,Candidate intersection 0→5; saved planner response is timeout,matched_compiled_treatment._plan_task_sharded / planning_spine_for,Same-world projection repaired; no claimed model-choice improvement.
15_05,O2,WORKBOOK_FACT_PRESENT_NOT_PROJECTED,Hash seed changes targets[:200] and retained dependency membership.,"Same 294 targets; 80 dependencies per run, 67 shared before, 80 after",workbook_grounding.project_obligation,Stable serialization before the existing limit repaired; no score attribution.
15_05,O2,SUFFICIENT_EVIDENCE_WRONG_SELECTION,Correct E25:M25 region and Net Margin label are present; saved plan chooses P:X and AA:AI.,9 gold target cells missed,saved Edit Plan fragment,Genuine model region choice; no benchmark-specific repair.
05_01,O2,SUFFICIENT_EVIDENCE_WRONG_SELECTION,DK Total evidence present; saved plan chooses monthly columns.,36 missed total cells,saved Edit Plan fragment,"Evidence sufficiency established for output-column distinction, not every component row."
13_05,O1,MISSING_PROVIDER_RESPONSE,Saved Edit Plan call times out.,5 targets not authorized,saved edit_plan call,Earlier temporal evidence defect coexists; no semantic selection observed.
12_05,composed plan,SUFFICIENT_EVIDENCE_WRONG_SELECTION,Repaired DB resolves temporal endpoint issue; same response still selects cell outside compiled bounds.,cell:s10:r3:c1 remains invalid,edit_plan.expand_edit_plan,Do not convert invalid selection to valid authority.
13_05,O3,ROLE_INTERPRETATION_UNRESOLVED,B58→B25 exists in full packet and projection; source and linked occurrence have different contextual roles.,5 gold cost-side targets missed,spine point_deps / frontend_projection,Not a discarded edge; no alias-propagation rule justified.
15_05,O1/O7,STRUCTURE_NOT_YET_REPRESENTED,Headings exist; no explicit Excel Table object establishes requested body extent.,193 first-table and 152 Report Tables annotated targets,workbook_grounding.compose_targets,Not proof of discarded body structure; no implicit table heuristic.
01_01 / 13_05,known dependency roots,CORRECT_AUTHORITY_LATER_LOSS,"Prior probe traces correct downstream formulas to unauthorized, inactive or no-proposal upstream cells.",10 known formula-correct/value-wrong roots,dependency_first_loss.csv / compiled_scheduler,Existing downstream diagnosis preserved; this probe does not rerun synthesis.
13_05,O1,IR_VALUE_TYPE_TRANSFORMED,Percent-marked 10 becomes calendar 2010 before min/max interpolation.,2010–2030 corrected to 2026–2030; repaired-world targets 320→161 retaining five gold,workbook_grounding.parse_scope_spec,"Lexical unit fidelity repaired, not a financial rule."
